1000,Kofi,Mensah,kofi.mensah0@example.com,24-JAN-2021,65905,10
1001,Wei,Silva,wei.silva1@example.com,12-APR-2024,68028,40
1002,Elena,Garcia,elena.garcia2@example.com,27-OCT-2019,55262,20
1003,Sara,Chen,sara.chen3@example.com,06-JUL-2016,118471,20
1004,Diego,Chen,diego.chen4@example.com,01-FEB-2017,60071,40
1005,Liam,Smith,liam.smith5@example.com,23-JUN-2018,78867,40
1006,John,Hassan,john.hassan6@example.com,04-JUL-2023,98423,30
1007,John,Khan,john.khan7@example.com,10-JUN-2017,81127,30
1008,Wei,OBrien,wei.obrien8@example.com,09-FEB-2024,51899,10
1009,Diego,Tanaka,diego.tanaka9@example.com,09-AUG-2016,60653,10
1010,Ravi,Silva,ravi.silva10@example.com,26-MAY-2020,56094,30
1011,Maria,Rossi,maria.rossi11@example.com,14-FEB-2022,95473,10
1012,Ravi,Khan,ravi.khan12@example.com,11-MAR-2016,72848,40
1013,Omar,Ivanova,omar.ivanova13@example.com,02-OCT-2016,86127,20
1014,Kofi,Lopez,kofi.lopez14@example.com,11-JUL-2015,90867,40
1015,Maria,Garcia,maria.garcia15@example.com,25-DEC-2018,68072,40
1016,Sara,Chen,sara.chen16@example.com,22-DEC-2023,76510,20
1017,Liam,OBrien,liam.obrien17@example.com,25-JUN-2022,80039,40
1018,Ravi,Rossi,ravi.rossi18@example.com,17-JUN-2022,49563,10
1019,Elena,Mensah,elena.mensah19@example.com,15-APR-2017,83612,30
1020,Aisha,Patel,aisha.patel20@example.com,21-MAY-2024,45478,40
1021,Ravi,OBrien,ravi.obrien21@example.com,11-APR-2015,98355,30
1022,Ravi,Silva,ravi.silva22@example.com,16-JUN-2020,62006,10
1023,Ivy,Chen,ivy.chen23@example.com,18-JUN-2019,60437,30
1024,Aisha,Khan,aisha.khan24@example.com,04-FEB-2023,74290,10
1025,John,Smith,john.smith25@example.com,11-MAR-2024,90569,20
1026,Maria,Khan,maria.khan26@example.com,11-AUG-2021,110137,30
1027,Omar,Smith,omar.smith27@example.com,12-MAR-2017,49708,10
1028,Maria,Hassan,maria.hassan28@example.com,04-NOV-2022,81897,20
1029,Aisha,Garcia,aisha.garcia29@example.com,26-SEP-2021,107654,20
1030,Kofi,Rossi,kofi.rossi30@example.com,19-JAN-2024,93077,30
1031,Omar,Tanaka,omar.tanaka31@example.com,14-APR-2018,82973,40
1032,Wei,Lopez,wei.lopez32@example.com,20-OCT-2019,89867,20
1033,Sara,Mensah,sara.mensah33@example.com,01-AUG-2024,79650,20
1034,Omar,Patel,omar.patel34@example.com,27-MAY-2015,96248,40
1035,Aisha,Patel,aisha.patel35@example.com,28-SEP-2020,106792,10
1036,Omar,Hassan,omar.hassan36@example.com,17-SEP-2023,108561,10
1037,Zara,Lopez,zara.lopez37@example.com,15-SEP-2023,97037,20
1038,Ravi,Ivanova,ravi.ivanova38@example.com,18-SEP-2018,60614,10
1039,Maria,Ivanova,maria.ivanova39@example.com,24-JUL-2017,94118,20
1040,Elena,Khan,elena.khan40@example.com,14-MAY-2018,65154,30
1041,Noah,OBrien,noah.obrien41@example.com,14-AUG-2024,65071,30
1042,Zara,Garcia,zara.garcia42@example.com,23-MAR-2021,114576,20
1043,Noah,Smith,noah.smith43@example.com,14-MAY-2018,85306,40
1044,Ravi,Hassan,ravi.hassan44@example.com,16-JUL-2017,56794,20
1045,Omar,Kim,omar.kim45@example.com,07-JAN-2019,53085,20
1046,Omar,Chen,omar.chen46@example.com,28-FEB-2024,58889,10
1047,Elena,Hassan,elena.hassan47@example.com,09-JUN-2022,97466,20
1048,Liam,OBrien,liam.obrien48@example.com,17-JUN-2018,110539,30
1049,Elena,Khan,elena.khan49@example.com,10-DEC-2019,52994,10
1050,Aisha,Patel,aisha.patel50@example.com,23-MAY-2023,65097,40
1051,Noah,Mensah,noah.mensah51@example.com,07-JUN-2018,92963,30
1052,Elena,Hassan,elena.hassan52@example.com,09-MAR-2020,65829,40
1053,John,Lopez,john.lopez53@example.com,04-OCT-2021,50738,10
1054,Aisha,Chen,aisha.chen54@example.com,18-SEP-2023,98350,30
1055,Sara,Ivanova,sara.ivanova55@example.com,21-APR-2022,117690,40
1056,Liam,Rossi,liam.rossi56@example.com,08-JAN-2016,72144,10
1057,Noah,Chen,noah.chen57@example.com,10-MAR-2016,95202,20
1058,Liam,Lopez,liam.lopez58@example.com,25-APR-2023,106380,40
1059,Aisha,Rossi,aisha.rossi59@example.com,25-JUL-2018,85740,30
1060,Ravi,Hassan,ravi.hassan60@example.com,19-JUN-2015,62139,20
1061,Wei,Tanaka,wei.tanaka61@example.com,27-FEB-2023,71598,10
1062,John,Kim,john.kim62@example.com,08-OCT-2023,114742,30
1063,Diego,Lopez,diego.lopez63@example.com,19-FEB-2015,69707,40
1064,Ravi,Tanaka,ravi.tanaka64@example.com,07-APR-2017,61125,40
1065,Ivy,Silva,ivy.silva65@example.com,01-SEP-2018,102843,20
1066,Sara,OBrien,sara.obrien66@example.com,16-MAR-2020,99804,30
1067,Omar,Chen,omar.chen67@example.com,24-JUN-2022,52487,40
1068,Liam,Silva,liam.silva68@example.com,27-AUG-2023,99086,10
1069,Diego,Tanaka,diego.tanaka69@example.com,14-SEP-2019,54819,30
1070,Diego,Kim,diego.kim70@example.com,20-OCT-2024,111152,20
1071,Zara,Hassan,zara.hassan71@example.com,15-JUL-2020,59409,10
1072,John,Tanaka,john.tanaka72@example.com,13-AUG-2018,71527,40
1073,John,OBrien,john.obrien73@example.com,04-DEC-2019,89399,20
1074,Liam,Chen,liam.chen74@example.com,06-OCT-2019,112745,40
1075,Noah,Patel,noah.patel75@example.com,28-AUG-2016,45216,30
1076,Zara,OBrien,zara.obrien76@example.com,04-MAY-2021,114143,10
1077,Ivy,Mensah,ivy.mensah77@example.com,21-JUL-2018,119660,40
1078,Liam,Garcia,liam.garcia78@example.com,06-DEC-2018,53749,10
1079,Noah,Tanaka,noah.tanaka79@example.com,16-JUN-2019,99523,20
1080,Ravi,Mensah,ravi.mensah80@example.com,09-DEC-2022,93609,20
1081,Kofi,Garcia,kofi.garcia81@example.com,23-AUG-2024,93278,40
1082,Elena,Tanaka,elena.tanaka82@example.com,19-NOV-2019,108662,10
1083,Yuki,Chen,yuki.chen83@example.com,21-APR-2023,90361,10
1084,Sara,Smith,sara.smith84@example.com,22-MAR-2016,67425,20
1085,Diego,Silva,diego.silva85@example.com,13-AUG-2017,86322,40
1086,Liam,Nguyen,liam.nguyen86@example.com,02-APR-2024,84176,40
1087,Omar,Smith,omar.smith87@example.com,22-OCT-2022,77394,40
1088,Kofi,Ivanova,kofi.ivanova88@example.com,25-SEP-2022,106996,20
1089,Sara,Nguyen,sara.nguyen89@example.com,02-JAN-2023,116416,40
1090,Noah,Chen,noah.chen90@example.com,03-JUN-2018,66223,20
1091,Aisha,Patel,aisha.patel91@example.com,27-NOV-2022,86162,40
1092,Wei,Kim,wei.kim92@example.com,01-JUN-2020,118944,10
1093,Yuki,Rossi,yuki.rossi93@example.com,16-JAN-2015,66077,40
1094,Liam,Rossi,liam.rossi94@example.com,15-MAY-2018,106156,40
1095,Sara,Silva,sara.silva95@example.com,12-DEC-2024,60630,30
1096,Sara,Khan,sara.khan96@example.com,12-APR-2017,62195,10
1097,Ivy,Patel,ivy.patel97@example.com,08-FEB-2018,69330,30
1098,Elena,Khan,elena.khan98@example.com,27-NOV-2022,61617,20
1099,Wei,Rossi,wei.rossi99@example.com,14-JAN-2023,60006,20
1100,Liam,Lopez,liam.lopez100@example.com,22-AUG-2017,91394,20
1101,Maria,Lopez,maria.lopez101@example.com,27-JUN-2021,58121,10
1102,Yuki,Smith,yuki.smith102@example.com,05-JUN-2019,113925,20
1103,Liam,Lopez,liam.lopez103@example.com,10-JUL-2015,57053,10
1104,Noah,Lopez,noah.lopez104@example.com,01-APR-2021,91673,20
1105,Yuki,Patel,yuki.patel105@example.com,12-MAR-2023,90018,20
1106,Liam,Lopez,liam.lopez106@example.com,23-MAY-2018,45851,30
1107,Omar,Garcia,omar.garcia107@example.com,22-MAR-2022,78347,40
1108,Sara,Hassan,sara.hassan108@example.com,19-JUL-2016,65997,10
1109,Ivy,Nguyen,ivy.nguyen109@example.com,11-DEC-2021,92082,10
1110,Sara,Hassan,sara.hassan110@example.com,17-JUN-2024,61856,20
1111,Kofi,Rossi,kofi.rossi111@example.com,11-MAR-2020,65986,40
1112,Noah,Kim,noah.kim112@example.com,07-JUL-2023,105591,30
1113,Sara,Kim,sara.kim113@example.com,22-OCT-2015,103004,40
1114,Liam,Chen,liam.chen114@example.com,24-MAY-2018,69946,20
1115,Liam,Smith,liam.smith115@example.com,10-SEP-2021,82315,20
1116,Liam,Smith,liam.smith116@example.com,04-JUN-2024,84152,10
1117,John,Khan,john.khan117@example.com,04-MAY-2024,98685,10
1118,Aisha,Rossi,aisha.rossi118@example.com,27-JAN-2023,99237,40
1119,Ivy,Silva,ivy.silva119@example.com,16-JAN-2020,78610,10
1120,Omar,Nguyen,omar.nguyen120@example.com,10-MAR-2021,103663,20
1121,Elena,Rossi,elena.rossi121@example.com,04-NOV-2022,98406,20
1122,Ivy,Garcia,ivy.garcia122@example.com,07-MAY-2019,50629,10
1123,Sara,Nguyen,sara.nguyen123@example.com,14-JUN-2024,108385,10
1124,Liam,Smith,liam.smith124@example.com,21-FEB-2016,94656,30
1125,Sara,Patel,sara.patel125@example.com,02-JUL-2022,75986,10
1126,Diego,Rossi,diego.rossi126@example.com,02-MAY-2021,96219,20
1127,Zara,Garcia,zara.garcia127@example.com,01-AUG-2021,119078,10
1128,Kofi,Hassan,kofi.hassan128@example.com,20-APR-2024,99898,10
1129,Ivy,OBrien,ivy.obrien129@example.com,18-APR-2017,110560,10
1130,Maria,Nguyen,maria.nguyen130@example.com,14-APR-2015,89476,10
1131,Elena,Silva,elena.silva131@example.com,11-MAY-2015,77614,30
1132,Omar,Smith,omar.smith132@example.com,01-APR-2020,88518,10
1133,Omar,Patel,omar.patel133@example.com,18-FEB-2017,118305,40
1134,Sara,Lopez,sara.lopez134@example.com,13-NOV-2022,71061,20
1135,Omar,Patel,omar.patel135@example.com,24-NOV-2015,54671,10
1136,Noah,Lopez,noah.lopez136@example.com,03-SEP-2021,66337,10
1137,Diego,Lopez,diego.lopez137@example.com,19-AUG-2023,88989,20
1138,Wei,Tanaka,wei.tanaka138@example.com,25-SEP-2016,102345,20
1139,Aisha,Lopez,aisha.lopez139@example.com,26-JUN-2024,80709,40
1140,Liam,Kim,liam.kim140@example.com,18-JAN-2015,88689,10
1141,Ravi,Patel,ravi.patel141@example.com,07-MAY-2020,117258,20
1142,Ivy,Chen,ivy.chen142@example.com,28-SEP-2018,102557,10
1143,Ravi,Patel,ravi.patel143@example.com,01-FEB-2023,93186,20
1144,Yuki,Kim,yuki.kim144@example.com,01-JUL-2015,45296,20
1145,Wei,Ivanova,wei.ivanova145@example.com,18-MAR-2020,118945,20
1146,Liam,Nguyen,liam.nguyen146@example.com,18-JUL-2017,93458,20
1147,Omar,OBrien,omar.obrien147@example.com,15-DEC-2023,75363,30
1148,Sara,Silva,sara.silva148@example.com,24-OCT-2015,81270,10
1149,John,Mensah,john.mensah149@example.com,18-OCT-2017,108655,20
1150,Diego,Nguyen,diego.nguyen150@example.com,15-MAR-2022,65019,40
1151,Ivy,Kim,ivy.kim151@example.com,24-JUL-2016,92789,10
1152,Ivy,Nguyen,ivy.nguyen152@example.com,06-AUG-2024,113049,20
1153,Ivy,Ivanova,ivy.ivanova153@example.com,19-MAR-2016,85289,40
1154,Yuki,Chen,yuki.chen154@example.com,27-APR-2022,106549,40
1155,Kofi,Tanaka,kofi.tanaka155@example.com,01-JUL-2015,48574,30
1156,Liam,Garcia,liam.garcia156@example.com,10-OCT-2015,60839,10
1157,Sara,Khan,sara.khan157@example.com,03-MAY-2015,81132,20
1158,Ravi,Hassan,ravi.hassan158@example.com,26-JUL-2023,105363,30
1159,Liam,Ivanova,liam.ivanova159@example.com,06-SEP-2020,49663,30
1160,Maria,Patel,maria.patel160@example.com,10-NOV-2016,117578,10
1161,John,Hassan,john.hassan161@example.com,05-JAN-2019,53867,40
1162,Yuki,Rossi,yuki.rossi162@example.com,09-MAR-2015,110404,40
1163,Ravi,Nguyen,ravi.nguyen163@example.com,19-NOV-2021,67292,30
1164,Maria,OBrien,maria.obrien164@example.com,26-DEC-2017,47762,30
1165,Omar,Rossi,omar.rossi165@example.com,26-MAR-2020,80061,20
1166,Zara,Silva,zara.silva166@example.com,21-DEC-2021,64647,30
1167,Yuki,Nguyen,yuki.nguyen167@example.com,24-SEP-2024,71779,40
1168,Ravi,Smith,ravi.smith168@example.com,15-APR-2021,68331,10
1169,Zara,Garcia,zara.garcia169@example.com,18-AUG-2021,108450,20
1170,Omar,Chen,omar.chen170@example.com,11-MAY-2015,87346,20
1171,Sara,Hassan,sara.hassan171@example.com,27-OCT-2020,88722,40
1172,Maria,Lopez,maria.lopez172@example.com,01-DEC-2015,92017,30
1173,Kofi,OBrien,kofi.obrien173@example.com,11-JUL-2022,116183,20
1174,Zara,Tanaka,zara.tanaka174@example.com,10-AUG-2015,107491,10
1175,Wei,OBrien,wei.obrien175@example.com,15-MAR-2020,76784,30
1176,Diego,Kim,diego.kim176@example.com,23-SEP-2019,62263,40
1177,Ravi,Mensah,ravi.mensah177@example.com,16-APR-2015,93704,40
1178,Liam,Tanaka,liam.tanaka178@example.com,18-MAY-2016,99098,30
1179,Diego,OBrien,diego.obrien179@example.com,13-JAN-2018,82433,20
1180,Zara,Lopez,zara.lopez180@example.com,04-OCT-2022,103688,10
1181,Diego,Garcia,diego.garcia181@example.com,04-JAN-2020,111227,10
1182,Kofi,Khan,kofi.khan182@example.com,10-OCT-2021,90874,10
1183,Liam,Khan,liam.khan183@example.com,28-MAY-2016,76817,30
1184,Yuki,Rossi,yuki.rossi184@example.com,18-JUN-2022,60900,10
1185,Ravi,Lopez,ravi.lopez185@example.com,26-JUN-2018,76005,20
1186,Sara,Khan,sara.khan186@example.com,10-DEC-2017,62740,20
1187,Liam,Chen,liam.chen187@example.com,20-APR-2017,87274,30
1188,Yuki,Ivanova,yuki.ivanova188@example.com,06-MAR-2022,71496,20
1189,Wei,Khan,wei.khan189@example.com,13-MAY-2015,58657,20
1190,Aisha,Patel,aisha.patel190@example.com,23-MAR-2018,117566,10
1191,Diego,Garcia,diego.garcia191@example.com,24-DEC-2016,60186,10
1192,Elena,OBrien,elena.obrien192@example.com,13-OCT-2017,90316,10
1193,Liam,Lopez,liam.lopez193@example.com,06-AUG-2024,91773,20
1194,Maria,Patel,maria.patel194@example.com,22-MAY-2024,100209,20
1195,Maria,OBrien,maria.obrien195@example.com,20-NOV-2019,76004,10
1196,Maria,Kim,maria.kim196@example.com,28-MAY-2022,99431,40
1197,Ivy,Hassan,ivy.hassan197@example.com,21-OCT-2020,118581,30
1198,Sara,OBrien,sara.obrien198@example.com,09-SEP-2020,116170,10
1199,Diego,Khan,diego.khan199@example.com,15-JAN-2019,64460,40
